;idlicitaciongx;idlicitacion;licitacion;rexbases;iddecrpnudo;decpnudo;tipodecreto;modalidad;mesreferencia;idgeneradora;generadora;idptooferta;ptooferta;tipobloque;bloque;precioenergia;vigenciainicio;vigenciafin;observacion;created_at;update_at
0;10;29;SIC 2013/03_2;533/2014;8;4T/2013;Decreto PN;DS 4;2014-12-01;6;CHUNGUNGO S.A.;28;POLPAICO 220;BB;BS1B;88.998;2016-01-01;2030-12-31;;2022-02-02 00:19:57.115012;2022-02-02 00:23:27
1;8;29;SIC 2013/03_2;533/2014;8;4T/2013;Decreto PN;DS 4;2014-12-01;12;EMPRESA ELÉCTRICA CARÉN S.A.;28;POLPAICO 220;BB;BS1A;111.133;2016-01-01;2030-12-31;;2022-02-02 00:19:57.115012;2022-02-02 00:23:27
2;11;29;SIC 2013/03_2;533/2014;8;4T/2013;Decreto PN;DS 4;2014-12-01;12;EMPRESA ELÉCTRICA CARÉN S.A.;28;POLPAICO 220;BB;BS1B;111.133;2016-01-01;2030-12-31;;2022-02-02 00:19:57.115012;2022-02-02 00:23:27
3;15;29;SIC 2013/03_2;533/2014;8;4T/2013;Decreto PN;DS 4;2014-12-01;12;EMPRESA ELÉCTRICA CARÉN S.A.;28;POLPAICO 220;BB;BS1C;111.133;2016-01-01;2030-12-31;;2022-02-02 00:19:57.115012;2022-02-02 00:23:27
4;41;30;SIC 2013/03_2 (EMELECTRIC);533/2014;8;4T/2013;Decreto PN;DS 4;2014-12-01;12;EMPRESA ELÉCTRICA CARÉN S.A.;28;POLPAICO 220;BB;BS1A;111.133;2016-01-01;2030-12-31;Agregado por Tarificación;2022-02-02 00:19:57.115012;2022-02-02 00:23:27
5;9;29;SIC 2013/03_2;533/2014;8;4T/2013;Decreto PN;DS 4;2014-12-01;13;EMPRESA ELÉCTRICA ERNC-1 SPA.;28;POLPAICO 220;BB;BS1A;110.008;2016-01-01;2030-12-31;;2022-02-02 00:19:57.115012;2022-02-02 00:23:27
6;12;29;SIC 2013/03_2;533/2014;8;4T/2013;Decreto PN;DS 4;2014-12-01;13;EMPRESA ELÉCTRICA ERNC-1 SPA.;28;POLPAICO 220;BB;BS1B;119.9;2016-01-01;2030-12-31;;2022-02-02 00:19:57.115012;2022-02-02 00:23:27
7;16;29;SIC 2013/03_2;533/2014;8;4T/2013;Decreto PN;DS 4;2014-12-01;13;EMPRESA ELÉCTRICA ERNC-1 SPA.;28;POLPAICO 220;BB;BS1C;119.9;2016-01-01;2030-12-31;;2022-02-02 00:19:57.115012;2022-02-02 00:23:27
8;42;30;SIC 2013/03_2 (EMELECTRIC);533/2014;8;4T/2013;Decreto PN;DS 4;2014-12-01;13;EMPRESA ELÉCTRICA ERNC-1 SPA.;28;POLPAICO 220;BB;BS1A;110.008;2016-01-01;2030-12-31;Agregado por Tarificación;2022-02-02 00:19:57.115012;2022-02-02 00:23:27
9;6;25;SIC 2013/03;232/2014;8;4T/2013;Decreto PN;DS 4;2014-08-01;14;ENDESA;28;POLPAICO 220;BB;BS1;112.0;2014-01-01;2025-12-31;;2022-02-02 00:19:57.115012;2022-02-02 00:23:27
10;7;25;SIC 2013/03;232/2014;8;4T/2013;Decreto PN;DS 4;2014-08-01;14;ENDESA;28;POLPAICO 220;BV;BS1;112.0;2014-01-01;2025-12-31;;2022-02-02 00:19:57.115012;2022-02-02 00:23:27
11;39;26;SIC 2013/03 (EMELECTRIC);232/2014;8;4T/2013;Decreto PN;DS 4;2014-08-01;14;ENDESA;28;POLPAICO 220;BB;BS1;112.0;2014-01-01;2025-12-31;Agregado por Tarificación;2022-02-02 00:19:57.115012;2022-02-02 00:23:27
12;40;26;SIC 2013/03 (EMELECTRIC);232/2014;8;4T/2013;Decreto PN;DS 4;2014-08-01;14;ENDESA;28;POLPAICO 220;BV;BS1;112.0;2014-01-01;2025-12-31;Agregado por Tarificación;2022-02-02 00:19:57.115012;2022-02-02 00:23:27
13;13;29;SIC 2013/03_2;533/2014;8;4T/2013;Decreto PN;DS 4;2014-12-01;15;ENERGÍA CERRO EL MORADO S.A.;28;POLPAICO 220;BB;BS1B;116.572;2016-01-01;2030-12-31;;2022-02-02 00:19:57.115012;2022-02-02 00:23:27
14;14;29;SIC 2013/03_2;533/2014;8;4T/2013;Decreto PN;DS 4;2014-12-01;29;SPV P4 S.A.;28;POLPAICO 220;BB;BS1B;98.268;2016-01-01;2030-12-31;;2022-02-02 00:19:57.115012;2022-02-02 00:23:27
15;36;10;EMEL-SIC 2006/01-2 (EMELECTRIC);811/2006;1;283/2005;Decreto PN;RE 704;2006-03-01;4;AES GENER;11;QUILLOTA 220;BB;BB_Sur;52.489;2010-01-01;2024-12-31;;2022-02-02 00:19:57.115012;2022-02-02 00:23:27
16;35;7;EMEL-SIC 2006/01 (EMELECTRIC);539/2006;1;283/2005;Decreto PN;RE 704;2006-03-01;14;ENDESA;11;QUILLOTA 220;BB;BB1;55.561;2010-01-01;2019-12-31;;2022-02-02 00:19:57.115012;2022-02-02 00:23:27
17;75;3;CHL 2006/02;563/2007;2;147/2006;Decreto PN;RE 704;2007-10-01;14;ENDESA;28;POLPAICO 220;BB;BB1;61.0;2011-01-01;2021-12-31;;2022-02-02 00:19:57.115012;2022-02-02 00:23:27
18;76;3;CHL 2006/02;563/2007;2;147/2006;Decreto PN;RE 704;2007-10-01;14;ENDESA;28;POLPAICO 220;BV;BB1;61.0;2011-01-01;2021-12-31;;2022-02-02 00:19:57.115012;2022-02-02 00:23:27
19;81;3;CHL 2006/02;563/2007;2;147/2006;Decreto PN;RE 704;2007-10-01;14;ENDESA;28;POLPAICO 220;BB;BB3;61.0;2011-01-01;2025-12-31;;2022-02-02 00:19:57.115012;2022-02-02 00:23:27
20;67;2;CHL 2006/01;535/2006;1;283/2005;Decreto PN;RE 704;2006-04-01;4;AES GENER;28;POLPAICO 220;BB;BB1;58.101;2010-01-01;2020-12-31;;2022-02-02 00:19:57.115012;2022-02-02 00:23:27
21;68;2;CHL 2006/01;535/2006;1;283/2005;Decreto PN;RE 704;2006-04-01;4;AES GENER;28;POLPAICO 220;BV;BB1;58.101;2010-01-01;2020-12-31;;2022-02-02 00:19:57.115012;2022-02-02 00:23:27
22;73;2;CHL 2006/01;535/2006;1;283/2005;Decreto PN;RE 704;2006-04-01;4;AES GENER;28;POLPAICO 220;BB;BB2;57.78;2010-01-01;2022-12-31;;2022-02-02 00:19:57.115012;2022-02-02 00:23:27
23;47;30;SIC 2013/03_2 (EMELECTRIC);533/2014;8;4T/2013;Decreto PN;DS 4;2014-12-01;29;SPV P4 S.A.;28;POLPAICO 220;BB;BS1B;98.268;2016-01-01;2030-12-31;Agregado por Tarificación;2022-02-02 00:19:57.115012;2022-02-02 00:23:27
24;62;31;SIC 2013/03_2 (EMETAL);533/2014;8;4T/2013;Decreto PN;DS 4;2014-12-01;29;SPV P4 S.A.;28;POLPAICO 220;BB;BS1B;98.268;2016-01-01;2030-12-31;Agregado por Tarificación;2022-02-02 00:19:57.115012;2022-02-02 00:23:27
25;51;11;EMEL-SIC 2006/01-2 (EMETAL);811/2006;1;283/2005;Decreto PN;RE 704;2006-03-01;4;AES GENER;11;QUILLOTA 220;BB;BB_Sur;52.489;2010-01-01;2024-12-31;Agregado por Tarificación;2022-02-02 00:19:57.115012;2022-02-02 00:23:27
26;50;8;EMEL-SIC 2006/01 (EMETAL);539/2006;1;283/2005;Decreto PN;RE 704;2006-03-01;14;ENDESA;11;QUILLOTA 220;BB;BB1;55.561;2010-01-01;2019-12-31;Agregado por Tarificación;2022-02-02 00:19:57.115012;2022-02-02 00:23:27
27;83;3;CHL 2006/02;563/2007;2;147/2006;Decreto PN;RE 704;2007-10-01;7;COLBÚN;28;POLPAICO 220;BB;BB3;57.95;2011-01-01;2025-12-31;;2022-02-02 00:19:57.115012;2022-02-02 00:23:27
28;84;3;CHL 2006/02;563/2007;2;147/2006;Decreto PN;RE 704;2007-10-01;7;COLBÚN;28;POLPAICO 220;BV;BB3;57.95;2011-01-01;2025-12-31;;2022-02-02 00:19:57.115012;2022-02-02 00:23:27
29;82;3;CHL 2006/02;563/2007;2;147/2006;Decreto PN;RE 704;2007-10-01;14;ENDESA;28;POLPAICO 220;BV;BB3;61.0;2011-01-01;2025-12-31;;2022-02-02 00:19:57.115012;2022-02-02 00:23:27
30;112;32;SIC 2013/03_2 (ENELSA);533/2014;8;4T/2013;Decreto PN;DS 4;2014-12-01;6;CHUNGUNGO S.A.;28;POLPAICO 220;BB;BS1B;88.998;2016-01-01;2030-12-31;Agregado por Tarificación;2022-02-02 00:19:57.115012;2022-02-02 00:23:27
31;110;32;SIC 2013/03_2 (ENELSA);533/2014;8;4T/2013;Decreto PN;DS 4;2014-12-01;12;EMPRESA ELÉCTRICA CARÉN S.A.;28;POLPAICO 220;BB;BS1A;111.133;2016-01-01;2030-12-31;Agregado por Tarificación;2022-02-02 00:19:57.115012;2022-02-02 00:23:27
32;113;32;SIC 2013/03_2 (ENELSA);533/2014;8;4T/2013;Decreto PN;DS 4;2014-12-01;12;EMPRESA ELÉCTRICA CARÉN S.A.;28;POLPAICO 220;BB;BS1B;111.133;2016-01-01;2030-12-31;Agregado por Tarificación;2022-02-02 00:19:57.115012;2022-02-02 00:23:27
33;117;32;SIC 2013/03_2 (ENELSA);533/2014;8;4T/2013;Decreto PN;DS 4;2014-12-01;12;EMPRESA ELÉCTRICA CARÉN S.A.;28;POLPAICO 220;BB;BS1C;111.133;2016-01-01;2030-12-31;Agregado por Tarificación;2022-02-02 00:19:57.115012;2022-02-02 00:23:27
34;108;28;SIC 2013/03 (ENELSA);232/2014;8;4T/2013;Decreto PN;DS 4;2014-08-01;14;ENDESA;28;POLPAICO 220;BB;BS1;112.0;2014-01-01;2025-12-31;Agregado por Tarificación;2022-02-02 00:19:57.115012;2022-02-02 00:23:27
35;116;32;SIC 2013/03_2 (ENELSA);533/2014;8;4T/2013;Decreto PN;DS 4;2014-12-01;29;SPV P4 S.A.;28;POLPAICO 220;BB;BS1B;98.268;2016-01-01;2030-12-31;Agregado por Tarificación;2022-02-02 00:19:57.115012;2022-02-02 00:23:27
36;87;19;CHL 2010/01;700/2010;4;82/2010;Decreto PN;DS 4;2011-03-01;14;ENDESA;28;POLPAICO 220;BB;BS1;90.95;2014-01-01;2027-12-31;;2022-02-02 00:19:57.115012;2022-02-02 00:23:27
37;93;16;CHQ 2008/01;892/2008;3;130/2008;Decreto PN;DS 4;2009-01-01;4;AES GENER;11;QUILLOTA 220;BB;BS1;88.411;2010-01-01;2023-12-31;;2022-02-02 00:19:57.115012;2022-02-02 00:23:27
38;94;16;CHQ 2008/01;892/2008;3;130/2008;Decreto PN;DS 4;2009-01-01;4;AES GENER;11;QUILLOTA 220;BV;BS1;88.411;2010-01-01;2023-12-31;;2022-02-02 00:19:57.115012;2022-02-02 00:23:27
39;91;16;CHQ 2008/01;892/2008;3;130/2008;Decreto PN;DS 4;2009-01-01;14;ENDESA;11;QUILLOTA 220;BB;BS1;102.3;2010-01-01;2023-12-31;;2022-02-02 00:19:57.115012;2022-02-02 00:23:27
40;92;16;CHQ 2008/01;892/2008;3;130/2008;Decreto PN;DS 4;2009-01-01;14;ENDESA;11;QUILLOTA 220;BV;BS1;102.3;2010-01-01;2023-12-31;;2022-02-02 00:19:57.115012;2022-02-02 00:23:27
41;89;5;CHQ 2006/01;537/2006;1;283/2005;Decreto PN;RE 704;2006-03-01;4;AES GENER;11;QUILLOTA 220;BB;BB1;57.869;2010-01-01;2024-12-31;;2022-02-02 00:19:57.115012;2022-02-02 00:23:27
42;122;9;EMEL-SIC 2006/01-2;811/2006;1;283/2005;Decreto PN;RE 704;2006-03-01;4;AES GENER;11;QUILLOTA 220;BB;BB_Norte;58.951;2010-01-01;2024-12-31;;2022-02-02 00:19:57.115012;2022-02-02 00:23:27
43;88;5;CHQ 2006/01;537/2006;1;283/2005;Decreto PN;RE 704;2006-03-01;14;ENDESA;11;QUILLOTA 220;BB;BB1;51.037;2010-01-01;2024-12-31;;2022-02-02 00:19:57.115012;2022-02-02 00:23:27
44;90;5;CHQ 2006/01;537/2006;1;283/2005;Decreto PN;RE 704;2006-03-01;14;ENDESA;11;QUILLOTA 220;BB;BB2;50.158;2010-01-01;2024-12-31;;2022-02-02 00:19:57.115012;2022-02-02 00:23:27
45;121;6;EMEL-SIC 2006/01;539/2006;1;283/2005;Decreto PN;RE 704;2006-03-01;14;ENDESA;11;QUILLOTA 220;BB;BB1;55.561;2010-01-01;2019-12-31;Agregado por Tarificación;2022-02-02 00:19:57.115012;2022-02-02 00:23:27
46;97;20;CHQ 2010/01;33/2011;4;82/2010;Decreto PN;DS 4;2011-03-01;14;ENDESA;11;QUILLOTA 220;BB;BS4;91.0;2013-01-01;2026-12-31;;2022-02-02 00:19:57.115012;2022-02-02 00:23:27
47;100;20;CHQ 2010/01;33/2011;4;82/2010;Decreto PN;DS 4;2011-03-01;14;ENDESA;11;QUILLOTA 220;BB;BS5;90.0;2014-01-01;2026-12-31;;2022-02-02 00:19:57.115012;2022-02-02 00:23:27
48;102;20;CHQ 2010/01;33/2011;4;82/2010;Decreto PN;DS 4;2011-03-01;14;ENDESA;11;QUILLOTA 220;BB;BS6;89.5;2015-01-01;2026-12-31;;2022-02-02 00:19:57.115012;2022-02-02 00:23:27
49;143;29;SIC 2013/03_2;533/2014;8;4T/2013;Decreto PN;DS 4;2014-12-01;2;ACCIONA;28;POLPAICO 220;BB;BS3;96.456;2018-01-01;2032-12-31;;2022-02-02 00:19:57.115012;2022-02-02 00:23:27
50;145;30;SIC 2013/03_2 (EMELECTRIC);533/2014;8;4T/2013;Decreto PN;DS 4;2014-12-01;2;ACCIONA;28;POLPAICO 220;BB;BS3;96.456;2018-01-01;2032-12-31;Agregado por Tarificación;2022-02-02 00:19:57.115012;2022-02-02 00:23:27
51;146;31;SIC 2013/03_2 (EMETAL);533/2014;8;4T/2013;Decreto PN;DS 4;2014-12-01;2;ACCIONA;28;POLPAICO 220;BB;BS3;96.456;2018-01-01;2032-12-31;Agregado por Tarificación;2022-02-02 00:19:57.115012;2022-02-02 00:23:27
52;144;32;SIC 2013/03_2 (ENELSA);533/2014;8;4T/2013;Decreto PN;DS 4;2014-12-01;2;ACCIONA;28;POLPAICO 220;BB;BS3;96.456;2018-01-01;2032-12-31;Agregado por Tarificación;2022-02-02 00:19:57.115012;2022-02-02 00:23:27
53;138;31;SIC 2013/03_2 (EMETAL);533/2014;8;4T/2013;Decreto PN;DS 4;2014-12-01;27;SANTIAGO SOLAR S.A.;28;POLPAICO 220;BB;BS2B;79.88;2017-01-01;2031-12-31;Agregado por Tarificación;2022-02-02 00:19:57.115012;2022-02-02 00:23:27
54;136;32;SIC 2013/03_2 (ENELSA);533/2014;8;4T/2013;Decreto PN;DS 4;2014-12-01;27;SANTIAGO SOLAR S.A.;28;POLPAICO 220;BB;BS2B;79.88;2017-01-01;2031-12-31;Agregado por Tarificación;2022-02-02 00:19:57.115012;2022-02-02 00:23:27
55;181;29;SIC 2013/03_2;533/2014;8;4T/2013;Decreto PN;DS 4;2014-12-01;1;ABENGOA;28;POLPAICO 220;BB;BS4;114.821;2019-01-01;2033-12-31;;2022-02-02 00:19:57.115012;2022-02-02 00:23:27
56;183;30;SIC 2013/03_2 (EMELECTRIC);533/2014;8;4T/2013;Decreto PN;DS 4;2014-12-01;1;ABENGOA;28;POLPAICO 220;BB;BS4;114.821;2019-01-01;2033-12-31;Agregado por Tarificación;2022-02-02 00:19:57.115012;2022-02-02 00:23:27
57;184;31;SIC 2013/03_2 (EMETAL);533/2014;8;4T/2013;Decreto PN;DS 4;2014-12-01;1;ABENGOA;28;POLPAICO 220;BB;BS4;114.821;2019-01-01;2033-12-31;Agregado por Tarificación;2022-02-02 00:19:57.115012;2022-02-02 00:23:27
58;182;32;SIC 2013/03_2 (ENELSA);533/2014;8;4T/2013;Decreto PN;DS 4;2014-12-01;1;ABENGOA;28;POLPAICO 220;BB;BS4;114.821;2019-01-01;2033-12-31;Agregado por Tarificación;2022-02-02 00:19:57.115012;2022-02-02 00:23:27
59;177;29;SIC 2013/03_2;533/2014;8;4T/2013;Decreto PN;DS 4;2014-12-01;11;EL CAMPESINO;28;POLPAICO 220;BB;BS4;110.985;2019-01-01;2033-12-31;;2022-02-02 00:19:57.115012;2022-02-02 00:23:27
60;179;30;SIC 2013/03_2 (EMELECTRIC);533/2014;8;4T/2013;Decreto PN;DS 4;2014-12-01;11;EL CAMPESINO;28;POLPAICO 220;BB;BS4;110.985;2019-01-01;2033-12-31;Agregado por Tarificación;2022-02-02 00:19:57.115012;2022-02-02 00:23:27
61;180;31;SIC 2013/03_2 (EMETAL);533/2014;8;4T/2013;Decreto PN;DS 4;2014-12-01;11;EL CAMPESINO;28;POLPAICO 220;BB;BS4;110.985;2019-01-01;2033-12-31;Agregado por Tarificación;2022-02-02 00:19:57.115012;2022-02-02 00:23:27
62;178;32;SIC 2013/03_2 (ENELSA);533/2014;8;4T/2013;Decreto PN;DS 4;2014-12-01;11;EL CAMPESINO;28;POLPAICO 220;BB;BS4;110.985;2019-01-01;2033-12-31;Agregado por Tarificación;2022-02-02 00:19:57.115012;2022-02-02 00:23:27
63;185;29;SIC 2013/03_2;533/2014;8;4T/2013;Decreto PN;DS 4;2014-12-01;19;NORVIND;28;POLPAICO 220;BB;BS4;113.221;2019-01-01;2033-12-31;;2022-02-02 00:19:57.115012;2022-02-02 00:23:27
64;187;30;SIC 2013/03_2 (EMELECTRIC);533/2014;8;4T/2013;Decreto PN;DS 4;2014-12-01;19;NORVIND;28;POLPAICO 220;BB;BS4;113.221;2019-01-01;2033-12-31;Agregado por Tarificación;2022-02-02 00:19:57.115012;2022-02-02 00:23:27
65;188;31;SIC 2013/03_2 (EMETAL);533/2014;8;4T/2013;Decreto PN;DS 4;2014-12-01;19;NORVIND;28;POLPAICO 220;BB;BS4;113.221;2019-01-01;2033-12-31;Agregado por Tarificación;2022-02-02 00:19:57.115012;2022-02-02 00:23:27
66;186;32;SIC 2013/03_2 (ENELSA);533/2014;8;4T/2013;Decreto PN;DS 4;2014-12-01;19;NORVIND;28;POLPAICO 220;BB;BS4;113.221;2019-01-01;2033-12-31;Agregado por Tarificación;2022-02-02 00:19:57.115012;2022-02-02 00:23:27
67;227;19;CHL 2010/01;700/2010;4;82/2010;Decreto PN;DS 4;2011-03-01;14;ENDESA;28;POLPAICO 220;BV;BS1;90.95;2014-01-01;2027-12-31;20201127 Se agrega porque existe en Hoja Contratos y tiene despacho distinto a BB;2022-02-02 00:19:57.115012;2022-02-02 00:23:27
68;229;20;CHQ 2010/01;33/2011;4;82/2010;Decreto PN;DS 4;2011-03-01;14;ENDESA;11;QUILLOTA 220;BV;BS4;91.0;2013-01-01;2026-12-31;20201127 Se agrega porque existe en Hoja Contratos y tiene despacho distinto a BB;2022-02-02 00:19:57.115012;2022-02-02 00:23:27
69;230;20;CHQ 2010/01;33/2011;4;82/2010;Decreto PN;DS 4;2011-03-01;20;PANGUIPULLI;11;QUILLOTA 220;BV;BS4;88.999;2013-01-01;2026-12-31;20201127 Se agrega porque existe en Hoja Contratos y tiene despacho distinto a BB;2022-02-02 00:19:57.115012;2022-02-02 00:23:27
70;231;20;CHQ 2010/01;33/2011;4;82/2010;Decreto PN;DS 4;2011-03-01;25;PUYEHUE;11;QUILLOTA 220;BV;BS4;87.499;2013-01-01;2026-12-31;20201127 Se agrega porque existe en Hoja Contratos y tiene despacho distinto a BB;2022-02-02 00:19:57.115012;2022-02-02 00:23:27
71;21;14;CGED 2008/01;893/2008;3;130/2008;Decreto PN;DS 4;2009-01-01;50;CAMPANARIO;8;ALTO JAHUEL 220;BB;BS1;104.19;2010-01-01;2023-12-31;;2022-02-02 00:19:57.115012;2022-02-02 00:23:27
72;22;14;CGED 2008/01;893/2008;3;130/2008;Decreto PN;DS 4;2009-01-01;50;CAMPANARIO;8;ALTO JAHUEL 220;BV;BS1;104.19;2010-01-01;2023-12-31;;2022-02-02 00:19:57.115012;2022-02-02 00:23:27
73;19;14;CGED 2008/01;893/2008;3;130/2008;Decreto PN;DS 4;2009-01-01;7;COLBÚN;8;ALTO JAHUEL 220;BB;BS1;124.273;2010-01-01;2023-12-31;;2022-02-02 00:19:57.115012;2022-02-02 00:23:27
74;20;14;CGED 2008/01;893/2008;3;130/2008;Decreto PN;DS 4;2009-01-01;7;COLBÚN;8;ALTO JAHUEL 220;BV;BS1;124.273;2010-01-01;2023-12-31;;2022-02-02 00:19:57.115012;2022-02-02 00:23:27
75;29;15;CGED 2008/01-2;445/2009;3;130/2008;Decreto PN;DS 4;2009-01-01;9;D. ALMAGRO;8;ALTO JAHUEL 220;BB;BS1;101.749;2010-01-01;2021-12-31;;2022-02-02 00:19:57.115012;2022-02-02 00:23:27
76;30;15;CGED 2008/01-2;445/2009;3;130/2008;Decreto PN;DS 4;2009-01-01;9;D. ALMAGRO;8;ALTO JAHUEL 220;BV;BS1;101.749;2010-01-01;2021-12-31;;2022-02-02 00:19:57.115012;2022-02-02 00:23:27
77;25;14;CGED 2008/01;893/2008;3;130/2008;Decreto PN;DS 4;2009-01-01;14;ENDESA;8;ALTO JAHUEL 220;BB;BS2;102.0;2010-01-01;2024-12-31;;2022-02-02 00:19:57.115012;2022-02-02 00:23:27
78;26;14;CGED 2008/01;893/2008;3;130/2008;Decreto PN;DS 4;2009-01-01;14;ENDESA;8;ALTO JAHUEL 220;BV;BS2;102.0;2010-01-01;2024-12-31;;2022-02-02 00:19:57.115012;2022-02-02 00:23:27
79;27;15;CGED 2008/01-2;445/2009;3;130/2008;Decreto PN;DS 4;2009-01-01;14;ENDESA;8;ALTO JAHUEL 220;BB;BS1;100.25;2010-01-01;2021-12-31;;2022-02-02 00:19:57.115012;2022-02-02 00:23:27
80;28;15;CGED 2008/01-2;445/2009;3;130/2008;Decreto PN;DS 4;2009-01-01;14;ENDESA;8;ALTO JAHUEL 220;BV;BS1;100.25;2010-01-01;2021-12-31;;2022-02-02 00:19:57.115012;2022-02-02 00:23:27
81;23;14;CGED 2008/01;893/2008;3;130/2008;Decreto PN;DS 4;2009-01-01;18;M. REDONDO;8;ALTO JAHUEL 220;BB;BS1;110.5;2010-01-01;2023-12-31;;2022-02-02 00:19:57.115012;2022-02-02 00:23:27
82;24;14;CGED 2008/01;893/2008;3;130/2008;Decreto PN;DS 4;2009-01-01;18;M. REDONDO;8;ALTO JAHUEL 220;BV;BS1;110.5;2010-01-01;2023-12-31;;2022-02-02 00:19:57.115012;2022-02-02 00:23:27
83;31;15;CGED 2008/01-2;445/2009;3;130/2008;Decreto PN;DS 4;2009-01-01;18;M. REDONDO;8;ALTO JAHUEL 220;BB;BS1;92.8;2010-01-01;2021-12-31;;2022-02-02 00:19:57.115012;2022-02-02 00:23:27
84;32;15;CGED 2008/01-2;445/2009;3;130/2008;Decreto PN;DS 4;2009-01-01;18;M. REDONDO;8;ALTO JAHUEL 220;BV;BS1;92.8;2010-01-01;2021-12-31;;2022-02-02 00:19:57.115012;2022-02-02 00:23:27
85;33;15;CGED 2008/01-2;445/2009;3;130/2008;Decreto PN;DS 4;2009-01-01;24;PUNTILLA;8;ALTO JAHUEL 220;BB;BS1;105.0;2010-01-01;2021-12-31;;2022-02-02 00:19:57.115012;2022-02-02 00:23:27
86;34;15;CGED 2008/01-2;445/2009;3;130/2008;Decreto PN;DS 4;2009-01-01;24;PUNTILLA;8;ALTO JAHUEL 220;BV;BS1;105.0;2010-01-01;2021-12-31;;2022-02-02 00:19:57.115012;2022-02-02 00:23:27
87;18;1;CGED 2006/01;536/2006;1;283/2005;Decreto PN;RE 704;2006-03-01;7;COLBÚN;8;ALTO JAHUEL 220;BB;BB1;55.5;2010-01-01;2021-12-31;;2022-02-02 00:19:57.115012;2022-02-02 00:23:27
88;17;1;CGED 2006/01;536/2006;1;283/2005;Decreto PN;RE 704;2006-03-01;14;ENDESA;8;ALTO JAHUEL 220;BB;BB1;51.366;2010-01-01;2021-12-31;;2022-02-02 00:19:57.115012;2022-02-02 00:23:27
89;2;12;SAE 2006/01;583/2006;1;283/2005;Decreto PN;RE 704;2006-03-01;7;COLBÚN;34;CHARRUA 220;BB;BB1;53.0;2010-01-01;2019-12-31;;2022-02-02 00:19:57.115012;2022-02-02 00:23:27
90;3;12;SAE 2006/01;583/2006;1;283/2005;Decreto PN;RE 704;2006-03-01;7;COLBÚN;34;CHARRUA 220;BV;BV1;54.0;2010-01-01;2019-12-31;;2022-02-02 00:19:57.115012;2022-02-02 00:23:27
91;104;13;SAE 2006/01 (ENELSA);583/2006;1;283/2005;Decreto PN;RE 704;2006-03-01;7;COLBÚN;34;CHARRUA 220;BB;BB1;53.0;2010-01-01;2019-12-31;Agregado por Tarificación;2022-02-02 00:19:57.115012;2022-02-02 00:23:27
92;105;13;SAE 2006/01 (ENELSA);583/2006;1;283/2005;Decreto PN;RE 704;2006-03-01;7;COLBÚN;34;CHARRUA 220;BV;BV1;54.0;2010-01-01;2019-12-31;Agregado por Tarificación;2022-02-02 00:19:57.115012;2022-02-02 00:23:27
93;1;12;SAE 2006/01;583/2006;1;283/2005;Decreto PN;RE 704;2006-03-01;14;ENDESA;34;CHARRUA 220;BB;BB1;47.04;2010-01-01;2019-12-31;;2022-02-02 00:19:57.115012;2022-02-02 00:23:27
94;103;13;SAE 2006/01 (ENELSA);583/2006;1;283/2005;Decreto PN;RE 704;2006-03-01;14;ENDESA;34;CHARRUA 220;BB;BB1;47.04;2010-01-01;2019-12-31;Agregado por Tarificación;2022-02-02 00:19:57.115012;2022-02-02 00:23:27
95;123;17;EMEL-SING 2008/01;654/2009;3;130/2008;Decreto PN SING;DS 4;2009-09-01;10;E-CL;20;CRUCERO 220;BB;BS1;89.99;2012-01-01;2026-12-31;Agregado por Tarificación;2022-02-02 00:19:57.115012;2022-02-02 00:23:27
96;124;17;EMEL-SING 2008/01;654/2009;3;130/2008;Decreto PN SING;DS 4;2009-09-01;10;E-CL;20;CRUCERO 220;BV;BS1;89.99;2012-01-01;2026-12-31;Agregado por Tarificación;2022-02-02 00:19:57.115012;2022-02-02 00:23:27
97;119;18;EMEL-SING 2008/01 (ELECDA);654/2009;3;130/2008;Decreto PN SING;DS 4;2009-09-01;10;E-CL;20;CRUCERO 220;BB;BS1;89.99;2012-01-01;2026-12-31;;2022-02-02 00:19:57.115012;2022-02-02 00:23:27
98;120;18;EMEL-SING 2008/01 (ELECDA);654/2009;3;130/2008;Decreto PN SING;DS 4;2009-09-01;10;E-CL;20;CRUCERO 220;BV;BS1;89.99;2012-01-01;2026-12-31;;2022-02-02 00:19:57.115012;2022-02-02 00:23:27
99;4;21;SIC 2013/01;548/2013;7;107/2012;Decreto PN;DS 4;2013-11-01;14;ENDESA;28;POLPAICO 220;BB;BS1;129.035;2013-01-01;2024-12-31;;2022-02-02 00:19:57.115012;2022-02-02 00:23:27
100;220;21;SIC 2013/01;548/2013;7;107/2012;Decreto PN;DS 4;2013-11-01;14;ENDESA;28;POLPAICO 220;BV;BS1;129.035;2013-01-01;2024-12-31;20201127 Se agrega porque existe en Hoja Contratos y tiene despacho distinto a BB;2022-02-02 00:19:57.115012;2022-02-02 00:23:27
101;37;22;SIC 2013/01 (EMELECTRIC);548/2013;7;107/2012;Decreto PN;DS 4;2013-11-01;14;ENDESA;28;POLPAICO 220;BB;BS1;129.035;2013-01-01;2024-12-31;Agregado por Tarificación;2022-02-02 00:19:57.115012;2022-02-02 00:23:27
102;222;22;SIC 2013/01 (EMELECTRIC);548/2013;7;107/2012;Decreto PN;DS 4;2013-11-01;14;ENDESA;28;POLPAICO 220;BV;BS1;129.035;2013-01-01;2024-12-31;Agregado por Tarificación20201127 Se agrega porque existe en Hoja Contratos y tiene despacho distinto a BB;2022-02-02 00:19:57.115012;2022-02-02 00:23:27
103;52;23;SIC 2013/01 (EMETAL);548/2013;7;107/2012;Decreto PN;DS 4;2013-11-01;14;ENDESA;28;POLPAICO 220;BB;BS1;129.035;2013-01-01;2024-12-31;Agregado por Tarificación;2022-02-02 00:19:57.115012;2022-02-02 00:23:27
104;232;20;CHQ 2010/01;33/2011;4;82/2010;Decreto PN;DS 4;2011-03-01;14;ENDESA;11;QUILLOTA 220;BV;BS5;90.0;2014-01-01;2026-12-31;20201127 Se agrega porque existe en Hoja Contratos y tiene despacho distinto a BB;2022-02-02 00:19:57.115012;2022-02-02 00:23:27
105;224;23;SIC 2013/01 (EMETAL);548/2013;7;107/2012;Decreto PN;DS 4;2013-11-01;14;ENDESA;28;POLPAICO 220;BV;BS1;129.035;2013-01-01;2024-12-31;Agregado por Tarificación20201127 Se agrega porque existe en Hoja Contratos y tiene despacho distinto a BB;2022-02-02 00:19:57.115012;2022-02-02 00:23:27
106;106;24;SIC 2013/01 (ENELSA);548/2013;7;107/2012;Decreto PN;DS 4;2013-11-01;14;ENDESA;28;POLPAICO 220;BB;BS1;129.035;2013-01-01;2024-12-31;Agregado por Tarificación;2022-02-02 00:19:57.115012;2022-02-02 00:23:27
107;226;24;SIC 2013/01 (ENELSA);548/2013;7;107/2012;Decreto PN;DS 4;2013-11-01;14;ENDESA;28;POLPAICO 220;BV;BS1;129.035;2013-01-01;2024-12-31;Agregado por Tarificación20201127 Se agrega porque existe en Hoja Contratos y tiene despacho distinto a BB;2022-02-02 00:19:57.115012;2022-02-02 00:23:27
108;5;21;SIC 2013/01;548/2013;7;107/2012;Decreto PN;DS 4;2013-11-01;20;PANGUIPULLI;28;POLPAICO 220;BB;BS1;128.003;2013-01-01;2024-12-31;;2022-02-02 00:19:57.115012;2022-02-02 00:23:27
109;221;21;SIC 2013/01;548/2013;7;107/2012;Decreto PN;DS 4;2013-11-01;20;PANGUIPULLI;28;POLPAICO 220;BV;BS1;128.003;2013-01-01;2024-12-31;20201127 Se agrega porque existe en Hoja Contratos y tiene despacho distinto a BB;2022-02-02 00:19:57.115012;2022-02-02 00:23:27
110;38;22;SIC 2013/01 (EMELECTRIC);548/2013;7;107/2012;Decreto PN;DS 4;2013-11-01;20;PANGUIPULLI;28;POLPAICO 220;BB;BS1;128.003;2013-01-01;2024-12-31;Agregado por Tarificación;2022-02-02 00:19:57.115012;2022-02-02 00:23:27
111;223;22;SIC 2013/01 (EMELECTRIC);548/2013;7;107/2012;Decreto PN;DS 4;2013-11-01;20;PANGUIPULLI;28;POLPAICO 220;BV;BS1;128.003;2013-01-01;2024-12-31;Agregado por Tarificación20201127 Se agrega porque existe en Hoja Contratos y tiene despacho distinto a BB;2022-02-02 00:19:57.115012;2022-02-02 00:23:27
112;53;23;SIC 2013/01 (EMETAL);548/2013;7;107/2012;Decreto PN;DS 4;2013-11-01;20;PANGUIPULLI;28;POLPAICO 220;BB;BS1;128.003;2013-01-01;2024-12-31;Agregado por Tarificación;2022-02-02 00:19:57.115012;2022-02-02 00:23:27
113;225;23;SIC 2013/01 (EMETAL);548/2013;7;107/2012;Decreto PN;DS 4;2013-11-01;20;PANGUIPULLI;28;POLPAICO 220;BV;BS1;128.003;2013-01-01;2024-12-31;Agregado por Tarificación20201127 Se agrega porque existe en Hoja Contratos y tiene despacho distinto a BB;2022-02-02 00:19:57.115012;2022-02-02 00:23:27
114;107;24;SIC 2013/01 (ENELSA);548/2013;7;107/2012;Decreto PN;DS 4;2013-11-01;20;PANGUIPULLI;28;POLPAICO 220;BB;BS1;128.003;2013-01-01;2024-12-31;Agregado por Tarificación;2022-02-02 00:19:57.115012;2022-02-02 00:23:27
115;228;24;SIC 2013/01 (ENELSA);548/2013;7;107/2012;Decreto PN;DS 4;2013-11-01;20;PANGUIPULLI;28;POLPAICO 220;BV;BS1;128.003;2013-01-01;2024-12-31;Agregado por Tarificación20201127 Se agrega porque existe en Hoja Contratos y tiene despacho distinto a BB;2022-02-02 00:19:57.115012;2022-02-02 00:23:27
116;214;33;2015/01;268/2015;9;10T/2014;Decreto PN;DS 4;2016-07-01;2;ACCIONA;28;POLPAICO 220;BB;BS3;54.895;2022-01-01;2041-12-31;Agregado en PNP 2101;2022-02-02 00:19:57.115012;2022-02-02 00:23:27
117;201;33;2015/01;268/2015;9;10T/2014;Decreto PN;DS 4;2016-07-01;3;AELA GENERACIÓN S.A.;28;POLPAICO 220;BB;BS3;46.65;2022-01-01;2041-12-31;Agregado en PNP 2101;2022-02-02 00:19:57.115012;2022-02-02 00:23:27
118;159;34;2015/02;454/2015;9;10T/2014;Decreto PN;DS 4;2015-10-01;3;AELA GENERACIÓN S.A.;28;POLPAICO 220;BB;BS4A;79.322;2017-01-01;2036-12-31;;2022-02-02 00:19:57.115012;2022-02-02 00:23:27
119;167;34;2015/02;454/2015;9;10T/2014;Decreto PN;DS 4;2015-10-01;3;AELA GENERACIÓN S.A.;28;POLPAICO 220;BB;BS4B;79.322;2017-01-01;2036-12-31;;2022-02-02 00:19:57.115012;2022-02-02 00:23:27
120;171;34;2015/02;454/2015;9;10T/2014;Decreto PN;DS 4;2015-10-01;3;AELA GENERACIÓN S.A.;28;POLPAICO 220;BB;BS4C;79.322;2017-01-01;2036-12-31;;2022-02-02 00:19:57.115012;2022-02-02 00:23:27
121;160;35;2015/02 (ELECDA);454/2015;9;10T/2014;Decreto PN;DS 4;2015-10-01;3;AELA GENERACIÓN S.A.;28;POLPAICO 220;BB;BS4A;79.322;2017-01-01;2036-12-31;;2022-02-02 00:19:57.115012;2022-02-02 00:23:27
122;168;35;2015/02 (ELECDA);454/2015;9;10T/2014;Decreto PN;DS 4;2015-10-01;3;AELA GENERACIÓN S.A.;28;POLPAICO 220;BB;BS4B;79.322;2017-01-01;2036-12-31;;2022-02-02 00:19:57.115012;2022-02-02 00:23:27
123;172;35;2015/02 (ELECDA);454/2015;9;10T/2014;Decreto PN;DS 4;2015-10-01;3;AELA GENERACIÓN S.A.;28;POLPAICO 220;BB;BS4C;79.322;2017-01-01;2036-12-31;;2022-02-02 00:19:57.115012;2022-02-02 00:23:27
124;169;34;2015/02;454/2015;9;10T/2014;Decreto PN;DS 4;2015-10-01;5;AMUNCHE SOLAR SPA;28;POLPAICO 220;BB;BS4B;64.849;2017-01-01;2036-12-31;;2022-02-02 00:19:57.115012;2022-02-02 00:23:27
125;170;35;2015/02 (ELECDA);454/2015;9;10T/2014;Decreto PN;DS 4;2015-10-01;5;AMUNCHE SOLAR SPA;28;POLPAICO 220;BB;BS4B;64.849;2017-01-01;2036-12-31;;2022-02-02 00:19:57.115012;2022-02-02 00:23:27
126;215;33;2015/01;268/2015;9;10T/2014;Decreto PN;DS 4;2016-07-01;30;BESALCO;28;POLPAICO 220;BB;BS2C;71.0;2021-01-01;2040-12-31;Agregado en PNP 2101;2022-02-02 00:19:57.115012;2022-02-02 00:23:27
127;205;33;2015/01;268/2015;9;10T/2014;Decreto PN;DS 4;2016-07-01;31;CONDOR  ENERGÍA (TCHAMMA);28;POLPAICO 220;BB;BS1;39.652;2021-07-01;2040-12-31;Agregado en PNP 2101;2022-02-02 00:19:57.115012;2022-02-02 00:23:27
128;204;33;2015/01;268/2015;9;10T/2014;Decreto PN;DS 4;2016-07-01;32;CONDOR ENERGÍA (C° TIGRE);28;POLPAICO 220;BB;BS1;41.893;2021-07-01;2040-12-31;Agregado en PNP 2101;2022-02-02 00:19:57.115012;2022-02-02 00:23:27
129;203;33;2015/01;268/2015;9;10T/2014;Decreto PN;DS 4;2016-07-01;33;CONDOR ENERGÍA (ESPERANZA);28;POLPAICO 220;BB;BS2;43.116;2021-01-01;2040-12-31;Agregado en PNP 2101;2022-02-02 00:19:57.115012;2022-02-02 00:23:27
130;236;33;2015/01;268/2015;9;10T/2014;Decreto PN;DS 4;2016-07-01;33;CONDOR ENERGÍA (ESPERANZA);28;POLPAICO 220;BB;BS1;43.116;2021-01-01;2040-12-31;Agregado en PNP 2101;2022-02-02 00:19:57.115012;2022-02-02 00:23:27
131;161;34;2015/02;454/2015;9;10T/2014;Decreto PN;DS 4;2015-10-01;8;CONSORCIO ABENGOA CHILE S.A., ABENGOA SOLAR CHILE SPA Y ABENGOA SOLAR S.A.;28;POLPAICO 220;BB;BS4A;97.0;2017-01-01;2036-12-31;;2022-02-02 00:19:57.115012;2022-02-02 00:23:27
132;173;34;2015/02;454/2015;9;10T/2014;Decreto PN;DS 4;2015-10-01;8;CONSORCIO ABENGOA CHILE S.A., ABENGOA SOLAR CHILE SPA Y ABENGOA SOLAR S.A.;28;POLPAICO 220;BB;BS4C;97.0;2017-01-01;2036-12-31;;2022-02-02 00:19:57.115012;2022-02-02 00:23:27
133;162;35;2015/02 (ELECDA);454/2015;9;10T/2014;Decreto PN;DS 4;2015-10-01;8;CONSORCIO ABENGOA CHILE S.A., ABENGOA SOLAR CHILE SPA Y ABENGOA SOLAR S.A.;28;POLPAICO 220;BB;BS4A;97.0;2017-01-01;2036-12-31;;2022-02-02 00:19:57.115012;2022-02-02 00:23:27
134;174;35;2015/02 (ELECDA);454/2015;9;10T/2014;Decreto PN;DS 4;2015-10-01;8;CONSORCIO ABENGOA CHILE S.A., ABENGOA SOLAR CHILE SPA Y ABENGOA SOLAR S.A.;28;POLPAICO 220;BB;BS4C;97.0;2017-01-01;2036-12-31;;2022-02-02 00:19:57.115012;2022-02-02 00:23:27
135;216;33;2015/01;268/2015;9;10T/2014;Decreto PN;DS 4;2016-07-01;34;ENEL GENERACIÓN;28;POLPAICO 220;BB;BS3;50.739;2022-01-01;2041-12-31;Agregado en PNP 2101;2022-02-02 00:19:57.115012;2022-02-02 00:23:27
136;207;33;2015/01;268/2015;9;10T/2014;Decreto PN;DS 4;2016-07-01;35;HUEMUL ENERGÍA (CAMAN);28;POLPAICO 220;BB;BS1;38.797;2021-01-01;2040-12-31;Agregado en PNP 2101;2022-02-02 00:19:57.115012;2022-02-02 00:23:27
137;206;33;2015/01;268/2015;9;10T/2014;Decreto PN;DS 4;2016-07-01;36;HUEMUL ENERGÍA (CKANI);28;POLPAICO 220;BB;BS1;42.549;2021-10-01;2040-12-31;Agregado en PNP 2101;2022-02-02 00:19:57.115012;2022-02-02 00:23:27
138;208;33;2015/01;268/2015;9;10T/2014;Decreto PN;DS 4;2016-07-01;37;HUEMUL ENERGÍA (COIHUE);28;POLPAICO 220;BB;BS1;39.405;2021-01-01;2040-12-31;Agregado en PNP 2101;2022-02-02 00:19:57.115012;2022-02-02 00:23:27
139;163;34;2015/02;454/2015;9;10T/2014;Decreto PN;DS 4;2015-10-01;17;IBEREOLICA CABO LEONES I S.A.;28;POLPAICO 220;BB;BS4A;85.0;2017-01-01;2036-12-31;;2022-02-02 00:19:57.115012;2022-02-02 00:23:27
140;175;34;2015/02;454/2015;9;10T/2014;Decreto PN;DS 4;2015-10-01;17;IBEREOLICA CABO LEONES I S.A.;28;POLPAICO 220;BB;BS4C;95.0;2017-01-01;2036-12-31;;2022-02-02 00:19:57.115012;2022-02-02 00:23:27
141;164;35;2015/02 (ELECDA);454/2015;9;10T/2014;Decreto PN;DS 4;2015-10-01;17;IBEREOLICA CABO LEONES I S.A.;28;POLPAICO 220;BB;BS4A;85.0;2017-01-01;2036-12-31;;2022-02-02 00:19:57.115012;2022-02-02 00:23:27
142;176;35;2015/02 (ELECDA);454/2015;9;10T/2014;Decreto PN;DS 4;2015-10-01;17;IBEREOLICA CABO LEONES I S.A.;28;POLPAICO 220;BB;BS4C;95.0;2017-01-01;2036-12-31;;2022-02-02 00:19:57.115012;2022-02-02 00:23:27
143;209;33;2015/01;268/2015;9;10T/2014;Decreto PN;DS 4;2016-07-01;38;IBEREÓLICA CABO LEONES II S.A.;28;POLPAICO 220;BB;BS2;47.248;2021-01-01;2040-12-31;Agregado en PNP 2101;2022-02-02 00:19:57.115012;2022-02-02 00:23:27
144;211;33;2015/01;268/2015;9;10T/2014;Decreto PN;DS 4;2016-07-01;39;IBEREÓLICA CABO LEONES III SPA;28;POLPAICO 220;BB;BS2A;61.0;2021-01-01;2040-12-31;Agregado en PNP 2101;2022-02-02 00:19:57.115012;2022-02-02 00:23:27
145;213;33;2015/01;268/2015;9;10T/2014;Decreto PN;DS 4;2016-07-01;39;IBEREÓLICA CABO LEONES III SPA;28;POLPAICO 220;BB;BS2C;70.0;2021-01-01;2040-12-31;Agregado en PNP 2101;2022-02-02 00:19:57.115012;2022-02-02 00:23:27
146;219;33;2015/01;268/2015;9;10T/2014;Decreto PN;DS 4;2016-07-01;40;MARIA ELENA SOLAR;28;POLPAICO 220;BB;BS2B;29.1;2021-01-01;2040-12-31;Agregado en PNP 2101;2022-02-02 00:19:57.115012;2022-02-02 00:23:27
147;218;33;2015/01;268/2015;9;10T/2014;Decreto PN;DS 4;2016-07-01;41;OPDENERGY;28;POLPAICO 220;BB;BS1;38.077;2021-01-01;2040-12-31;Agregado en PNP 2101;2022-02-02 00:19:57.115012;2022-02-02 00:23:27
148;210;33;2015/01;268/2015;9;10T/2014;Decreto PN;DS 4;2016-07-01;42;PARQUE EÓLICO CABO LEONES I S.A.;28;POLPAICO 220;BB;BS2A;63.0;2021-01-01;2040-12-31;Agregado en PNP 2101;2022-02-02 00:19:57.115012;2022-02-02 00:23:27
149;212;33;2015/01;268/2015;9;10T/2014;Decreto PN;DS 4;2016-07-01;42;PARQUE EÓLICO CABO LEONES I S.A.;28;POLPAICO 220;BB;BS2C;71.8;2021-01-01;2040-12-31;Agregado en PNP 2101;2022-02-02 00:19:57.115012;2022-02-02 00:23:27
150;202;33;2015/01;268/2015;9;10T/2014;Decreto PN;DS 4;2016-07-01;43;PUELCHE SUR EÓLICA;28;POLPAICO 220;BB;BS3;44.053;2022-01-01;2041-12-31;Agregado en PNP 2101;2022-02-02 00:19:57.115012;2022-02-02 00:23:27
151;165;34;2015/02;454/2015;9;10T/2014;Decreto PN;DS 4;2015-10-01;28;SCB II SPA;28;POLPAICO 220;BB;BS4B;67.642;2017-01-01;2036-12-31;;2022-02-02 00:19:57.115012;2022-02-02 00:23:27
152;166;35;2015/02 (ELECDA);454/2015;9;10T/2014;Decreto PN;DS 4;2015-10-01;28;SCB II SPA;28;POLPAICO 220;BB;BS4B;67.642;2017-01-01;2036-12-31;;2022-02-02 00:19:57.115012;2022-02-02 00:23:27
153;217;33;2015/01;268/2015;9;10T/2014;Decreto PN;DS 4;2016-07-01;44;SONNEDIX COX;28;POLPAICO 220;BB;BS3;52.721;2022-01-01;2041-12-31;Agregado en PNP 2101;2022-02-02 00:19:57.115012;2022-02-02 00:23:27
154;189;33;2015/01;268/2015;9;10T/2014;Decreto PN;DS 4;2016-07-01;45;WPD DUQUECO (DUQUECO);28;POLPAICO 220;BB;BS2C;68.972;2021-01-01;2040-12-31;Agregado en PNP 2101;2022-02-02 00:19:57.115012;2022-02-02 00:23:27
155;190;33;2015/01;268/2015;9;10T/2014;Decreto PN;DS 4;2016-07-01;45;WPD DUQUECO (DUQUECO);28;POLPAICO 220;BB;BS3;54.47;2022-01-01;2041-12-31;Agregado en PNP 2101;2022-02-02 00:19:57.115012;2022-02-02 00:23:27
156;200;33;2015/01;268/2015;9;10T/2014;Decreto PN;DS 4;2016-07-01;46;WPD DUQUECO (STA FE);28;POLPAICO 220;BB;BS2C;69.971;2021-01-01;2040-12-31;Agregado en PNP 2101;2022-02-02 00:19:57.115012;2022-02-02 00:23:27
157;191;33;2015/01;268/2015;9;10T/2014;Decreto PN;DS 4;2016-07-01;47;WPD MALLECO (MALLECO II);28;POLPAICO 220;BB;BS2;47.471;2021-01-01;2040-12-31;Agregado en PNP 2101;2022-02-02 00:19:57.115012;2022-02-02 00:23:27
158;194;33;2015/01;268/2015;9;10T/2014;Decreto PN;DS 4;2016-07-01;47;WPD MALLECO (MALLECO II);28;POLPAICO 220;BB;BS2A;58.484;2021-01-01;2040-12-31;Agregado en PNP 2101;2022-02-02 00:19:57.115012;2022-02-02 00:23:27
159;197;33;2015/01;268/2015;9;10T/2014;Decreto PN;DS 4;2016-07-01;47;WPD MALLECO (MALLECO II);28;POLPAICO 220;BB;BS2C;58.486;2021-01-01;2040-12-31;Agregado en PNP 2101;2022-02-02 00:19:57.115012;2022-02-02 00:23:27
160;192;33;2015/01;268/2015;9;10T/2014;Decreto PN;DS 4;2016-07-01;48;WPD MALLECO (MALLECO);28;POLPAICO 220;BB;BS2;47.47;2021-01-01;2040-12-31;Agregado en PNP 2101;2022-02-02 00:19:57.115012;2022-02-02 00:23:27
161;195;33;2015/01;268/2015;9;10T/2014;Decreto PN;DS 4;2016-07-01;48;WPD MALLECO (MALLECO);28;POLPAICO 220;BB;BS2A;58.874;2021-01-01;2040-12-31;Agregado en PNP 2101;2022-02-02 00:19:57.115012;2022-02-02 00:23:27
162;198;33;2015/01;268/2015;9;10T/2014;Decreto PN;DS 4;2016-07-01;48;WPD MALLECO (MALLECO);28;POLPAICO 220;BB;BS2C;58.477;2021-01-01;2040-12-31;Agregado en PNP 2101;2022-02-02 00:19:57.115012;2022-02-02 00:23:27
163;193;33;2015/01;268/2015;9;10T/2014;Decreto PN;DS 4;2016-07-01;49;WPD NEGRETE;28;POLPAICO 220;BB;BS2;47.472;2021-01-01;2040-12-31;Agregado en PNP 2101;2022-02-02 00:19:57.115012;2022-02-02 00:23:27
164;196;33;2015/01;268/2015;9;10T/2014;Decreto PN;DS 4;2016-07-01;49;WPD NEGRETE;28;POLPAICO 220;BB;BS2A;58.488;2021-01-01;2040-12-31;Agregado en PNP 2101;2022-02-02 00:19:57.115012;2022-02-02 00:23:27
165;199;33;2015/01;268/2015;9;10T/2014;Decreto PN;DS 4;2016-07-01;49;WPD NEGRETE;28;POLPAICO 220;BB;BS2C;58.489;2021-01-01;2040-12-31;Agregado en PNP 2101;2022-02-02 00:19:57.115012;2022-02-02 00:23:27
166;85;4;CHL 2006/02-2;858/2007;2;147/2006;Decreto PN;RE 704;2007-10-01;4;AES GENER;28;POLPAICO 220;BB;BB1;65.8;2011-01-01;2023-12-31;;2022-02-02 00:19:57.115012;2022-02-02 00:23:27
167;86;4;CHL 2006/02-2;858/2007;2;147/2006;Decreto PN;RE 704;2007-10-01;4;AES GENER;28;POLPAICO 220;BV;BB1;65.8;2011-01-01;2023-12-31;;2022-02-02 00:19:57.115012;2022-02-02 00:23:27
168;77;3;CHL 2006/02;563/2007;2;147/2006;Decreto PN;RE 704;2007-10-01;7;COLBÚN;28;POLPAICO 220;BB;BB1;58.6;2011-01-01;2021-12-31;;2022-02-02 00:19:57.115012;2022-02-02 00:23:27
169;78;3;CHL 2006/02;563/2007;2;147/2006;Decreto PN;RE 704;2007-10-01;7;COLBÚN;28;POLPAICO 220;BV;BB1;58.6;2011-01-01;2021-12-31;;2022-02-02 00:19:57.115012;2022-02-02 00:23:27
170;79;3;CHL 2006/02;563/2007;2;147/2006;Decreto PN;RE 704;2007-10-01;7;COLBÚN;28;POLPAICO 220;BB;BB2;58.26;2011-01-01;2023-12-31;;2022-02-02 00:19:57.115012;2022-02-02 00:23:27
171;80;3;CHL 2006/02;563/2007;2;147/2006;Decreto PN;RE 704;2007-10-01;7;COLBÚN;28;POLPAICO 220;BV;BB2;58.26;2011-01-01;2023-12-31;;2022-02-02 00:19:57.115012;2022-02-02 00:23:27
172;74;2;CHL 2006/01;535/2006;1;283/2005;Decreto PN;RE 704;2006-04-01;4;AES GENER;28;POLPAICO 220;BV;BB2;57.78;2010-01-01;2022-12-31;;2022-02-02 00:19:57.115012;2022-02-02 00:23:27
173;65;2;CHL 2006/01;535/2006;1;283/2005;Decreto PN;RE 704;2006-04-01;14;ENDESA;28;POLPAICO 220;BB;BB1;50.725;2010-01-01;2020-12-31;;2022-02-02 00:19:57.115012;2022-02-02 00:23:27
174;66;2;CHL 2006/01;535/2006;1;283/2005;Decreto PN;RE 704;2006-04-01;14;ENDESA;28;POLPAICO 220;BV;BB1;50.725;2010-01-01;2020-12-31;;2022-02-02 00:19:57.115012;2022-02-02 00:23:27
175;71;2;CHL 2006/01;535/2006;1;283/2005;Decreto PN;RE 704;2006-04-01;14;ENDESA;28;POLPAICO 220;BB;BB2;51.003;2010-01-01;2022-12-31;;2022-02-02 00:19:57.115012;2022-02-02 00:23:27
176;72;2;CHL 2006/01;535/2006;1;283/2005;Decreto PN;RE 704;2006-04-01;14;ENDESA;28;POLPAICO 220;BV;BB2;51.003;2010-01-01;2022-12-31;;2022-02-02 00:19:57.115012;2022-02-02 00:23:27
177;69;2;CHL 2006/01;535/2006;1;283/2005;Decreto PN;RE 704;2006-04-01;16;GUACOLDA;28;POLPAICO 220;BB;BB1;55.1;2010-01-01;2020-12-31;;2022-02-02 00:19:57.115012;2022-02-02 00:23:27
178;70;2;CHL 2006/01;535/2006;1;283/2005;Decreto PN;RE 704;2006-04-01;16;GUACOLDA;28;POLPAICO 220;BV;BB1;55.1;2010-01-01;2020-12-31;;2022-02-02 00:19:57.115012;2022-02-02 00:23:27
179;43;30;SIC 2013/03_2 (EMELECTRIC);533/2014;8;4T/2013;Decreto PN;DS 4;2014-12-01;6;CHUNGUNGO S.A.;28;POLPAICO 220;BB;BS1B;88.998;2016-01-01;2030-12-31;Agregado por Tarificación;2022-02-02 00:19:57.115012;2022-02-02 00:23:27
180;58;31;SIC 2013/03_2 (EMETAL);533/2014;8;4T/2013;Decreto PN;DS 4;2014-12-01;6;CHUNGUNGO S.A.;28;POLPAICO 220;BB;BS1B;88.998;2016-01-01;2030-12-31;Agregado por Tarificación;2022-02-02 00:19:57.115012;2022-02-02 00:23:27
181;147;29;SIC 2013/03_2;533/2014;8;4T/2013;Decreto PN;DS 4;2014-12-01;10;E-CL;28;POLPAICO 220;BB;BS3;109.48;2018-01-01;2032-12-31;;2022-02-02 00:19:57.115012;2022-02-02 00:23:27
182;149;30;SIC 2013/03_2 (EMELECTRIC);533/2014;8;4T/2013;Decreto PN;DS 4;2014-12-01;10;E-CL;28;POLPAICO 220;BB;BS3;109.48;2018-01-01;2032-12-31;Agregado por Tarificación;2022-02-02 00:19:57.115012;2022-02-02 00:23:27
183;150;31;SIC 2013/03_2 (EMETAL);533/2014;8;4T/2013;Decreto PN;DS 4;2014-12-01;10;E-CL;28;POLPAICO 220;BB;BS3;109.48;2018-01-01;2032-12-31;Agregado por Tarificación;2022-02-02 00:19:57.115012;2022-02-02 00:23:27
184;148;32;SIC 2013/03_2 (ENELSA);533/2014;8;4T/2013;Decreto PN;DS 4;2014-12-01;10;E-CL;28;POLPAICO 220;BB;BS3;109.48;2018-01-01;2032-12-31;Agregado por Tarificación;2022-02-02 00:19:57.115012;2022-02-02 00:23:27
185;151;29;SIC 2013/03_2;533/2014;8;4T/2013;Decreto PN;DS 4;2014-12-01;12;EMPRESA ELÉCTRICA CARÉN S.A.;28;POLPAICO 220;BB;BS3;109.354;2018-01-01;2032-12-31;;2022-02-02 00:19:57.115012;2022-02-02 00:23:27
186;44;30;SIC 2013/03_2 (EMELECTRIC);533/2014;8;4T/2013;Decreto PN;DS 4;2014-12-01;12;EMPRESA ELÉCTRICA CARÉN S.A.;28;POLPAICO 220;BB;BS1B;111.133;2016-01-01;2030-12-31;Agregado por Tarificación;2022-02-02 00:19:57.115012;2022-02-02 00:23:27
187;48;30;SIC 2013/03_2 (EMELECTRIC);533/2014;8;4T/2013;Decreto PN;DS 4;2014-12-01;12;EMPRESA ELÉCTRICA CARÉN S.A.;28;POLPAICO 220;BB;BS1C;111.133;2016-01-01;2030-12-31;Agregado por Tarificación;2022-02-02 00:19:57.115012;2022-02-02 00:23:27
188;153;30;SIC 2013/03_2 (EMELECTRIC);533/2014;8;4T/2013;Decreto PN;DS 4;2014-12-01;12;EMPRESA ELÉCTRICA CARÉN S.A.;28;POLPAICO 220;BB;BS3;109.354;2018-01-01;2032-12-31;Agregado por Tarificación;2022-02-02 00:19:57.115012;2022-02-02 00:23:27
189;56;31;SIC 2013/03_2 (EMETAL);533/2014;8;4T/2013;Decreto PN;DS 4;2014-12-01;12;EMPRESA ELÉCTRICA CARÉN S.A.;28;POLPAICO 220;BB;BS1A;111.133;2016-01-01;2030-12-31;Agregado por Tarificación;2022-02-02 00:19:57.115012;2022-02-02 00:23:27
190;59;31;SIC 2013/03_2 (EMETAL);533/2014;8;4T/2013;Decreto PN;DS 4;2014-12-01;12;EMPRESA ELÉCTRICA CARÉN S.A.;28;POLPAICO 220;BB;BS1B;111.133;2016-01-01;2030-12-31;Agregado por Tarificación;2022-02-02 00:19:57.115012;2022-02-02 00:23:27
191;63;31;SIC 2013/03_2 (EMETAL);533/2014;8;4T/2013;Decreto PN;DS 4;2014-12-01;12;EMPRESA ELÉCTRICA CARÉN S.A.;28;POLPAICO 220;BB;BS1C;111.133;2016-01-01;2030-12-31;Agregado por Tarificación;2022-02-02 00:19:57.115012;2022-02-02 00:23:27
192;154;31;SIC 2013/03_2 (EMETAL);533/2014;8;4T/2013;Decreto PN;DS 4;2014-12-01;12;EMPRESA ELÉCTRICA CARÉN S.A.;28;POLPAICO 220;BB;BS3;109.354;2018-01-01;2032-12-31;Agregado por Tarificación;2022-02-02 00:19:57.115012;2022-02-02 00:23:27
193;152;32;SIC 2013/03_2 (ENELSA);533/2014;8;4T/2013;Decreto PN;DS 4;2014-12-01;12;EMPRESA ELÉCTRICA CARÉN S.A.;28;POLPAICO 220;BB;BS3;109.354;2018-01-01;2032-12-31;Agregado por Tarificación;2022-02-02 00:19:57.115012;2022-02-02 00:23:27
194;45;30;SIC 2013/03_2 (EMELECTRIC);533/2014;8;4T/2013;Decreto PN;DS 4;2014-12-01;13;EMPRESA ELÉCTRICA ERNC-1 SPA.;28;POLPAICO 220;BB;BS1B;119.9;2016-01-01;2030-12-31;Agregado por Tarificación;2022-02-02 00:19:57.115012;2022-02-02 00:23:27
195;49;30;SIC 2013/03_2 (EMELECTRIC);533/2014;8;4T/2013;Decreto PN;DS 4;2014-12-01;13;EMPRESA ELÉCTRICA ERNC-1 SPA.;28;POLPAICO 220;BB;BS1C;119.9;2016-01-01;2030-12-31;Agregado por Tarificación;2022-02-02 00:19:57.115012;2022-02-02 00:23:27
196;57;31;SIC 2013/03_2 (EMETAL);533/2014;8;4T/2013;Decreto PN;DS 4;2014-12-01;13;EMPRESA ELÉCTRICA ERNC-1 SPA.;28;POLPAICO 220;BB;BS1A;110.008;2016-01-01;2030-12-31;Agregado por Tarificación;2022-02-02 00:19:57.115012;2022-02-02 00:23:27
197;60;31;SIC 2013/03_2 (EMETAL);533/2014;8;4T/2013;Decreto PN;DS 4;2014-12-01;13;EMPRESA ELÉCTRICA ERNC-1 SPA.;28;POLPAICO 220;BB;BS1B;119.9;2016-01-01;2030-12-31;Agregado por Tarificación;2022-02-02 00:19:57.115012;2022-02-02 00:23:27
198;64;31;SIC 2013/03_2 (EMETAL);533/2014;8;4T/2013;Decreto PN;DS 4;2014-12-01;13;EMPRESA ELÉCTRICA ERNC-1 SPA.;28;POLPAICO 220;BB;BS1C;119.9;2016-01-01;2030-12-31;Agregado por Tarificación;2022-02-02 00:19:57.115012;2022-02-02 00:23:27
199;111;32;SIC 2013/03_2 (ENELSA);533/2014;8;4T/2013;Decreto PN;DS 4;2014-12-01;13;EMPRESA ELÉCTRICA ERNC-1 SPA.;28;POLPAICO 220;BB;BS1A;110.008;2016-01-01;2030-12-31;Agregado por Tarificación;2022-02-02 00:19:57.115012;2022-02-02 00:23:27
200;114;32;SIC 2013/03_2 (ENELSA);533/2014;8;4T/2013;Decreto PN;DS 4;2014-12-01;13;EMPRESA ELÉCTRICA ERNC-1 SPA.;28;POLPAICO 220;BB;BS1B;119.9;2016-01-01;2030-12-31;Agregado por Tarificación;2022-02-02 00:19:57.115012;2022-02-02 00:23:27
201;118;32;SIC 2013/03_2 (ENELSA);533/2014;8;4T/2013;Decreto PN;DS 4;2014-12-01;13;EMPRESA ELÉCTRICA ERNC-1 SPA.;28;POLPAICO 220;BB;BS1C;119.9;2016-01-01;2030-12-31;Agregado por Tarificación;2022-02-02 00:19:57.115012;2022-02-02 00:23:27
202;54;27;SIC 2013/03 (EMETAL);232/2014;8;4T/2013;Decreto PN;DS 4;2014-08-01;14;ENDESA;28;POLPAICO 220;BB;BS1;112.0;2014-01-01;2025-12-31;Agregado por Tarificación;2022-02-02 00:19:57.115012;2022-02-02 00:23:27
203;55;27;SIC 2013/03 (EMETAL);232/2014;8;4T/2013;Decreto PN;DS 4;2014-08-01;14;ENDESA;28;POLPAICO 220;BV;BS1;112.0;2014-01-01;2025-12-31;Agregado por Tarificación;2022-02-02 00:19:57.115012;2022-02-02 00:23:27
204;109;28;SIC 2013/03 (ENELSA);232/2014;8;4T/2013;Decreto PN;DS 4;2014-08-01;14;ENDESA;28;POLPAICO 220;BV;BS1;112.0;2014-01-01;2025-12-31;Agregado por Tarificación;2022-02-02 00:19:57.115012;2022-02-02 00:23:27
205;46;30;SIC 2013/03_2 (EMELECTRIC);533/2014;8;4T/2013;Decreto PN;DS 4;2014-12-01;15;ENERGÍA CERRO EL MORADO S.A.;28;POLPAICO 220;BB;BS1B;116.572;2016-01-01;2030-12-31;Agregado por Tarificación;2022-02-02 00:19:57.115012;2022-02-02 00:23:27
206;61;31;SIC 2013/03_2 (EMETAL);533/2014;8;4T/2013;Decreto PN;DS 4;2014-12-01;15;ENERGÍA CERRO EL MORADO S.A.;28;POLPAICO 220;BB;BS1B;116.572;2016-01-01;2030-12-31;Agregado por Tarificación;2022-02-02 00:19:57.115012;2022-02-02 00:23:27
207;115;32;SIC 2013/03_2 (ENELSA);533/2014;8;4T/2013;Decreto PN;DS 4;2014-12-01;15;ENERGÍA CERRO EL MORADO S.A.;28;POLPAICO 220;BB;BS1B;116.572;2016-01-01;2030-12-31;Agregado por Tarificación;2022-02-02 00:19:57.115012;2022-02-02 00:23:27
208;131;30;SIC 2013/03_2 (EMELECTRIC);533/2014;8;4T/2013;Decreto PN;DS 4;2014-12-01;21;PELUMPÉN S.A.;28;POLPAICO 220;BB;BS2B;84.998;2017-01-01;2031-12-31;Agregado por Tarificación;2022-02-02 00:19:57.115012;2022-02-02 00:23:27
209;132;31;SIC 2013/03_2 (EMETAL);533/2014;8;4T/2013;Decreto PN;DS 4;2014-12-01;21;PELUMPÉN S.A.;28;POLPAICO 220;BB;BS2B;84.998;2017-01-01;2031-12-31;Agregado por Tarificación;2022-02-02 00:19:57.115012;2022-02-02 00:23:27
210;130;32;SIC 2013/03_2 (ENELSA);533/2014;8;4T/2013;Decreto PN;DS 4;2014-12-01;21;PELUMPÉN S.A.;28;POLPAICO 220;BB;BS2B;84.998;2017-01-01;2031-12-31;Agregado por Tarificación;2022-02-02 00:19:57.115012;2022-02-02 00:23:27
211;125;29;SIC 2013/03_2;533/2014;8;4T/2013;Decreto PN;DS 4;2014-12-01;26;SAN JUAN SPA.;28;POLPAICO 220;BB;BS2A;100.646;2017-01-01;2031-12-31;;2022-02-02 00:19:57.115012;2022-02-02 00:23:27
212;139;29;SIC 2013/03_2;533/2014;8;4T/2013;Decreto PN;DS 4;2014-12-01;26;SAN JUAN SPA.;28;POLPAICO 220;BB;BS2C;100.646;2017-01-01;2031-12-31;;2022-02-02 00:19:57.115012;2022-02-02 00:23:27
213;155;29;SIC 2013/03_2;533/2014;8;4T/2013;Decreto PN;DS 4;2014-12-01;26;SAN JUAN SPA.;28;POLPAICO 220;BB;BS3;103.221;2018-01-01;2032-12-31;;2022-02-02 00:19:57.115012;2022-02-02 00:23:27
214;127;30;SIC 2013/03_2 (EMELECTRIC);533/2014;8;4T/2013;Decreto PN;DS 4;2014-12-01;26;SAN JUAN SPA.;28;POLPAICO 220;BB;BS2A;100.646;2017-01-01;2031-12-31;Agregado por Tarificación;2022-02-02 00:19:57.115012;2022-02-02 00:23:27
215;141;30;SIC 2013/03_2 (EMELECTRIC);533/2014;8;4T/2013;Decreto PN;DS 4;2014-12-01;26;SAN JUAN SPA.;28;POLPAICO 220;BB;BS2C;100.646;2017-01-01;2031-12-31;Agregado por Tarificación;2022-02-02 00:19:57.115012;2022-02-02 00:23:27
216;157;30;SIC 2013/03_2 (EMELECTRIC);533/2014;8;4T/2013;Decreto PN;DS 4;2014-12-01;26;SAN JUAN SPA.;28;POLPAICO 220;BB;BS3;103.221;2018-01-01;2032-12-31;Agregado por Tarificación;2022-02-02 00:19:57.115012;2022-02-02 00:23:27
217;128;31;SIC 2013/03_2 (EMETAL);533/2014;8;4T/2013;Decreto PN;DS 4;2014-12-01;26;SAN JUAN SPA.;28;POLPAICO 220;BB;BS2A;100.646;2017-01-01;2031-12-31;Agregado por Tarificación;2022-02-02 00:19:57.115012;2022-02-02 00:23:27
218;142;31;SIC 2013/03_2 (EMETAL);533/2014;8;4T/2013;Decreto PN;DS 4;2014-12-01;26;SAN JUAN SPA.;28;POLPAICO 220;BB;BS2C;100.646;2017-01-01;2031-12-31;Agregado por Tarificación;2022-02-02 00:19:57.115012;2022-02-02 00:23:27
219;158;31;SIC 2013/03_2 (EMETAL);533/2014;8;4T/2013;Decreto PN;DS 4;2014-12-01;26;SAN JUAN SPA.;28;POLPAICO 220;BB;BS3;103.221;2018-01-01;2032-12-31;Agregado por Tarificación;2022-02-02 00:19:57.115012;2022-02-02 00:23:27
220;126;32;SIC 2013/03_2 (ENELSA);533/2014;8;4T/2013;Decreto PN;DS 4;2014-12-01;26;SAN JUAN SPA.;28;POLPAICO 220;BB;BS2A;100.646;2017-01-01;2031-12-31;Agregado por Tarificación;2022-02-02 00:19:57.115012;2022-02-02 00:23:27
221;140;32;SIC 2013/03_2 (ENELSA);533/2014;8;4T/2013;Decreto PN;DS 4;2014-12-01;26;SAN JUAN SPA.;28;POLPAICO 220;BB;BS2C;100.646;2017-01-01;2031-12-31;Agregado por Tarificación;2022-02-02 00:19:57.115012;2022-02-02 00:23:27
222;156;32;SIC 2013/03_2 (ENELSA);533/2014;8;4T/2013;Decreto PN;DS 4;2014-12-01;26;SAN JUAN SPA.;28;POLPAICO 220;BB;BS3;103.221;2018-01-01;2032-12-31;Agregado por Tarificación;2022-02-02 00:19:57.115012;2022-02-02 00:23:27
223;135;29;SIC 2013/03_2;533/2014;8;4T/2013;Decreto PN;DS 4;2014-12-01;27;SANTIAGO SOLAR S.A.;28;POLPAICO 220;BB;BS2B;79.88;2017-01-01;2031-12-31;;2022-02-02 00:19:57.115012;2022-02-02 00:23:27
224;137;30;SIC 2013/03_2 (EMELECTRIC);533/2014;8;4T/2013;Decreto PN;DS 4;2014-12-01;27;SANTIAGO SOLAR S.A.;28;POLPAICO 220;BB;BS2B;79.88;2017-01-01;2031-12-31;Agregado por Tarificación;2022-02-02 00:19:57.115012;2022-02-02 00:23:27
225;234;20;CHQ 2010/01;33/2011;4;82/2010;Decreto PN;DS 4;2011-03-01;14;ENDESA;11;QUILLOTA 220;BV;BS6;89.5;2015-01-01;2026-12-31;20201127 Se agrega porque existe en Hoja Contratos y tiene despacho distinto a BB;2022-02-02 00:19:57.115012;2022-02-02 00:23:27
226;96;20;CHQ 2010/01;33/2011;4;82/2010;Decreto PN;DS 4;2011-03-01;20;PANGUIPULLI;11;QUILLOTA 220;BB;BS4;88.999;2013-01-01;2026-12-31;;2022-02-02 00:19:57.115012;2022-02-02 00:23:27
227;99;20;CHQ 2010/01;33/2011;4;82/2010;Decreto PN;DS 4;2011-03-01;20;PANGUIPULLI;11;QUILLOTA 220;BB;BS5;88.999;2014-01-01;2026-12-31;;2022-02-02 00:19:57.115012;2022-02-02 00:23:27
228;101;20;CHQ 2010/01;33/2011;4;82/2010;Decreto PN;DS 4;2011-03-01;20;PANGUIPULLI;11;QUILLOTA 220;BB;BS6;87.999;2015-01-01;2026-12-31;;2022-02-02 00:19:57.115012;2022-02-02 00:23:27
229;233;20;CHQ 2010/01;33/2011;4;82/2010;Decreto PN;DS 4;2011-03-01;20;PANGUIPULLI;11;QUILLOTA 220;BV;BS5;88.999;2014-01-01;2026-12-31;20201127 Se agrega porque existe en Hoja Contratos y tiene despacho distinto a BB;2022-02-02 00:19:57.115012;2022-02-02 00:23:27
230;235;20;CHQ 2010/01;33/2011;4;82/2010;Decreto PN;DS 4;2011-03-01;20;PANGUIPULLI;11;QUILLOTA 220;BV;BS6;87.999;2015-01-01;2026-12-31;20201127 Se agrega porque existe en Hoja Contratos y tiene despacho distinto a BB;2022-02-02 00:19:57.115012;2022-02-02 00:23:27
231;95;20;CHQ 2010/01;33/2011;4;82/2010;Decreto PN;DS 4;2011-03-01;25;PUYEHUE;11;QUILLOTA 220;BB;BS4;87.499;2013-01-01;2026-12-31;;2022-02-02 00:19:57.115012;2022-02-02 00:23:27
232;98;20;CHQ 2010/01;33/2011;4;82/2010;Decreto PN;DS 4;2011-03-01;25;PUYEHUE;11;QUILLOTA 220;BB;BS5;86.999;2014-01-01;2026-12-31;;2022-02-02 00:19:57.115012;2022-02-02 00:23:27
233;129;29;SIC 2013/03_2;533/2014;8;4T/2013;Decreto PN;DS 4;2014-12-01;21;PELUMPÉN S.A.;28;POLPAICO 220;BB;BS2B;84.998;2017-01-01;2031-12-31;Se cambia VigenciaFin, porque es reemplazado por IdLicitacionGx in (133,134);2022-02-02 00:19:57.115012;2022-02-02 00:23:27
234;134;29;SIC 2013/03_2;533/2014;8;4T/2013;Decreto PN;DS 4;2014-12-01;22;PELUMPÉN S.A. (COLBÚN);28;POLPAICO 220;BB;BS2B;84.998;2017-01-01;2031-12-31;Se cambia vigenciaInicio, porque reemplaza IdLicitacionGx =129;2022-02-02 00:19:57.115012;2022-02-02 00:23:27
235;133;29;SIC 2013/03_2;533/2014;8;4T/2013;Decreto PN;DS 4;2014-12-01;23;PELUMPÉN S.A. (POLPAICO);28;POLPAICO 220;BB;BS2B;84.998;2017-01-01;2031-12-31;Se cambia vigenciaInicio, porque reemplaza IdLicitacionGx =129;2022-02-02 00:19:57.115012;2022-02-02 00:23:27
